{"r2": 0.5507180655211765, "mae": 33.530625, "max_depth": 50, "n_estimators": 100, "_timestamp": 1719342987.2972584, "_runtime": 23.119864463806152, "_step": 1, "feature_importance": {"_type": "image-file", "sha256": "18c8d04dfa4fbf50fec130ca75df7ebfe6c196b598390a0ffdc6b5ad004cbd2d", "size": 33328, "path": "media/images/feature_importance_1_18c8d04dfa4fbf50fec1.png", "format": "png", "width": 1000, "height": 1000}, "_wandb": {"runtime": 22}}