{"r2": 0.5339406885517419, "mae": 33.565065789473685, "max_depth": 10, "n_estimators": 100, "_timestamp": 1719342907.0272162, "_runtime": 21.34258508682251, "_step": 1, "feature_importance": {"_type": "image-file", "sha256": "0c5964a443c246c7a8ae3aaf0ac5d41e44e6242012402684f62718da14c83501", "size": 33333, "path": "media/images/feature_importance_1_0c5964a443c246c7a8ae.png", "format": "png", "width": 1000, "height": 1000}, "_wandb": {"runtime": 20}}