{"r2": 0.552568887885921, "mae": 33.45150822368421, "max_depth": 50, "n_estimators": 200, "_timestamp": 1719343037.2928147, "_runtime": 40.412784814834595, "_step": 1, "feature_importance": {"_type": "image-file", "sha256": "30f4d771c066344578e1e5b160f76119fdb47ca71fa8677b3889525141c6e602", "size": 33322, "path": "media/images/feature_importance_1_30f4d771c066344578e1.png", "format": "png", "width": 1000, "height": 1000}, "_wandb": {"runtime": 40}}